[
  {
    "name": "Waseem",
    "phone": "9591085847",
    "background": "Student / Fresher",
    "interest": "Full-Stack Development",
    "flowType": "TRAINING",
    "timestamp": "2025-12-19T10:24:37.273Z",
    "createdAt": "2025-12-19T10:24:37.274Z"
  },
  {
    "name": "Waseem",
    "phone": "9591085847",
    "background": "Student / Fresher",
    "interest": "Full-Stack Development",
    "flowType": "TRAINING",
    "timestamp": "2025-12-19T10:28:20.026Z",
    "createdAt": "2025-12-19T10:28:20.027Z"
  },
  {
    "name": "Waseem",
    "phone": "9591085847",
    "background": "Student / Fresher",
    "interest": "Full-Stack Development",
    "flowType": "TRAINING",
    "timestamp": "2025-12-19T10:29:26.607Z",
    "createdAt": "2025-12-19T10:29:26.607Z"
  },
  {
    "name": "Waseem",
    "phone": "9591085847",
    "background": "Student / Fresher",
    "interest": "Full-Stack Development",
    "flowType": "TRAINING",
    "timestamp": "2025-12-19T10:33:24.378Z",
    "createdAt": "2025-12-19T10:33:24.379Z"
  },
  {
    "name": "Waseem",
    "phone": "9591085847",
    "background": "Student / Fresher",
    "interest": "Full-Stack Development",
    "flowType": "TRAINING",
    "timestamp": "2025-12-22T07:15:30.244Z",
    "createdAt": "2025-12-22T07:15:30.245Z"
  },
  {
    "name": "Waseem",
    "phone": "9591085847",
    "background": "Student / Fresher",
    "interest": "Full-Stack Development",
    "flowType": "TRAINING",
    "timestamp": "2025-12-22T07:33:56.804Z",
    "createdAt": "2025-12-22T07:33:56.810Z"
  }
]